file_name;transcription;language;emotion;model_transcription;model_emotion
f_ans001aen;[non-verbal] I don't know what's happening, I'm sorry.;english;fear; I don't know what's happening. I'm sorry.;sadness
f_ans003aen;It's more like having a presentiment, do you know what I'm saying?;english;fear; It's more like having a presentiment, do you know what I'm saying?;disgust
f_ans004aen;Don't touch me, better if you don't.;english;fear; Don't touch me better if you don't.;anger
f_ans005aen;In Wellfleet, you were there, we were all there.;english;fear; In well, Fleet, you were there. We were all there.;disgust
f_ans007sen;Yes, but they were new arrivals. New women were arriving all the time. So the [non-verbal] ...;english;fear; Yes, but there were new arrivals, new women were arriving all the time.;sadness
f_ans009ben;I got really scared.;english;fear; I got really scared.;fear
f_ans010aen;You're not doing this move just for me, are you? I mean ...;english;fear; You're not doing this move just for me, are you? I mean...;anger
f_ans012aen;Please, talk to me, tell me what happened.;english;fear; Please, talk to me, tell me what happened.;fear
f_ans019aen;I can't tell you. Someone might get hurt.;english;fear; I can't tell you. Someone might get hurt.;sadness
f_ans021aen;It was once, it's not anymore.;english;fear; It was once. It's not anymore.;sadness
f_ans030aen;I'd been sleeping with him, and I was out on the back porch.;english;fear; I'd been sleeping with him and I was out on the back porch.;disgust
f_ans032aen;You can't. There's kids.;english;fear; You can't. There's kids.;sadness
f_ans040aen;All his talk. So much trouble.;english;fear; All this talk, so much trouble.;sadness
f_ans041aen;He's been sleeping nights down in the Hooverville.;english;fear; He's been sleeping nights down in the Hooverville.;sadness
f_ans041ben;My brother didn't have room for both him and us.;english;fear; My brother didn't have room for both him and us.;sadness
f_ans042aen;Mike said, you know, if he had to stay down there anyway.;english;fear; Mike said, you know, if he had to stay down there anyway.;disgust
f_ans042ben;He was gonna try to get everybody organized.;english;fear; He was gonna try to get everybody organized.;anger
f_ans043aen;Something's wrong Jim, I know it.;english;fear; Something's wrong, Jim. I know it.;sadness
f_ans044aen;Now I'm here and there's some trouble in Hooverville.;english;fear; Now I'm here and there's some trouble in Hooverville.;fear
f_ans044ben;He wouldn't leave me and the baby for this long.;english;fear; He wouldn't leave me and the baby for this long.;anger
f_ans045aen;I didn't know who else to come to Jim.;english;fear; I don't know who else to come to, Jim.;sadness
f_ans048aen;No, but I think that they saw me.;english;fear; No, but I think that they saw me.;happiness
f_ans049aen;It didn't mean anything to me at the time.;english;fear; It didn't mean anything to me at the time.;disgust
f_ans050aen;But rather I didn't know what it meant.;english;fear; Rather, I didn't know what it meant.;anger
f_ans901aen;But it's impossible.;english;fear; But it's impossible.;sadness
f_ans901ben;Never allow such an aberration, believing in the dead.;english;fear; Never allow such an aberration, the living and the dead.;disgust
f_ans901cen;I will only meet you at the end of eternity.;english;fear; They will only meet at the end of eternity.;sadness
f_ans902aen;It wasn't her.;english;fear; It was a doll.;disgust
f_ans902ben;It was the old woman.;english;fear; It was the old woman.;disgust
f_ans902cen;With strange eyes she was imitating my daughter's voice.;english;fear; With strange eyes she was imitating my daughter's voice.;fear
f_ans902den;I'd swear to God that it wasn't my daughter.;english;fear; I swear to God that it wasn't my daughter.;disgust
f_ans902een;Oh God, God help me.;english;fear; Oh God, God help me.;sadness
f_ans902fen;I don't know what's the matter with me.;english;fear; I don't know what's the matter with me.;disgust
f_ans903aen;They know I'd never hurt them, I [non-verbal] ...;english;fear; They know I'd never hurt them.;anger
f_ans999aen;It's in the hands of some physician I have never even met.;english;fear; It's in the hands of some physician I've never even met.;disgust
f_ans999ben;I mean, of course I'm worried about Ray.;english;fear; I mean, of course I'm worried about Ray.;fear
f_ans999cen;If anything, he's not good with this stuff. [non-verbal];english;fear; If anything is not good with this stuff.;anger
f_dis008aen;Telling me that she's always complaining, that's not picking on her? I think so.;english;disgust; telling me that she's always complaining that's not picking on her? I think so.;anger
f_dis010aen;I'm saying, Vanessa, that even crazy people like to be asked.;english;disgust; I'm saying, Vanessa, that even crazy people like to be asked.;disgust
f_dis016aen;Yeah, whoopee.;english;disgust; Yeah, whoopee.;disgust
f_dis024aen;Sweetheart, I do love you, but sometimes I have to wonder if you really are my ...;english;disgust; Sweetheart, I do love you, but sometimes I have to wonder if you really are my;sadness
f_dis025aen;You've always been more like your father.;english;disgust; You've always been more like your father.;happiness
f_dis026aen;What is it exactly that you want?;english;disgust; What is it exactly that you want?;anger
f_dis027aen;You can give me the gun or give me back the money.;english;disgust; You can give me the gun or give me back the money.;anger
f_dis027ben;And I'm really hoping for the money.;english;disgust; and I'm really hoping for the money.;happiness
f_dis028aen;Can I have them?;english;disgust; Can I have them?;sadness
f_dis036aen;My father is from Puerto Rico. My mother is from El Salvador.;english;disgust; My father's from Puerto Rico. My mother's from El Salvador.;sadness
f_dis036ben;Neither one of those is Mexico.;english;disgust; Neither one of those is Mexico.;sadness
f_dis037aen;I don't know. Isn't she sick?;english;disgust; I don't know. Isn't she sick?;disgust
f_dis038aen;I thought sick people sometimes make things up.;english;disgust; I thought sick people sometimes make things up.;disgust
f_dis039aen;A woman you were treating killed her husband.;english;disgust; A woman you were treating killed her husband.;disgust
f_dis042aen;Why are you buying this land, Mr. Bloom?;english;disgust; Why you bond this way, Mr. Blue?;anger
f_dis043aen;Instead of buying a convertible, you buy a town?;english;disgust; Instead of buying a convertible, you buy a town.;anger
f_dis108aen;That wasn't a question.;english;disgust; That was no question.;disgust
f_dis150aen;And you can do anything, right?;english;disgust; And you can do anything, right?;anger
f_dis202aen;And before today, you had never heard of me?;english;disgust; And before today, you had never heard of me.;fear
f_dis204aen;Has she died or something?;english;disgust; Has she died or something?;sadness
f_dis205aen;One time an assistant left the desk because she sliced her hand open with a letter opener.;english;disgust; One time an assistant left the desk because she sliced her hand open with a letter opener.;disgust
f_dis901aen;Oh you'd have saved your heads being chopped off by the Romans, that's true.;english;disgust; Oh, you'd have saved your heads being chopped off by the Romans, that's true.;anger
f_dis902aen;So you both would have lied to the point of denying Christ?;english;disgust; So you both would have lied to the point of denying Christ.;disgust
f_gio009aen;I just want you to come to California with me.;english;happiness; I just want you to come to California with me.;happiness
f_gio011aen;Congratulations on your unfettered ascendancy at Wyant Wheeler.;english;happiness; Congratulations on your unfettered ascendancy at Wyatt Wheeler.;happiness
f_gio012aen;Oh thank you Miss Burton, now ...;english;happiness; Well, thank you, Ms. Burton.;happiness
f_gio012ben;Take that note under consideration.;english;happiness; Take that note under consideration.;anger
f_gio014aen;Well that's a big surprise. [non-verbal];english;happiness; Well, that's a big surprise.;happiness
f_gio016aen;I'm not a psycho.;english;happiness; I'm not a psycho.;sadness
f_gio017aen;She didn't call me Emily, isn't that great?;english;happiness; She didn't call me Emily, which is, isn't that great?;disgust
f_gio030aen;It is you.;english;happiness; It is you!;anger
f_gio034aen;Clearer than that.;english;happiness; Quiet.;sadness
f_gio040aen;One night he climbed over the bar and offered to teach me how to make them.;english;happiness; One night he climbed over the bar and offered to teach me how to make them.;disgust
f_gio045aen;This is wonderful.;english;happiness; That's just wonderful.;happiness
f_gio049aen;I told them I had to spend the evening with him.;english;happiness; I told him I had to spend the evening with...;sadness
f_gio049ben;Britain's premier equestrian journalist.;english;happiness; Britain's premier equestrian journalist.;happiness
f_gio101aen;It's just hot in here, that's all.;english;happiness; It's just hot in here, that's all.;disgust
f_gio120aen;Oh, I thought you meant the judge! [non-verbal];english;happiness; Oh, I thought you meant the judge.;disgust
f_gio123aen;Thanks a lot!;english;happiness; Thanks a lot.;happiness
f_gio125aen;Will you relax? I know it's a big deal day.;english;happiness; Will you relax? I know it's a big deal today.;happiness
f_gio126aen;Oh that's all.;english;happiness; Oh, that's all?;anger
f_gio133aen;I thought you might be in the middle of some tempestuous romance.;english;happiness; I thought you might be in the middle of something, best you as a man.;disgust
f_gio144aen;Happy Birthday! [non-verbal];english;happiness; Happy birthday.;happiness
f_gio162aen;No ... [non-verbal] yeah!;english;happiness; No! Yeah!;anger
f_gio202aen;Do you write about Sister Drummond?;english;happiness; Do you write about Sister Drummond?;disgust
f_gio203aen;Do you write about me?;english;happiness; You're right about me.;anger
f_gio204aen;Can I look?;english;happiness; Good night.;happiness
f_gio206aen;It's nice.;english;happiness; It's nice.;happiness
f_gio207aen;Is that such a bad thing boss?;english;happiness; because they're such a bad thing, Mugs.;disgust
f_gio208aen;I gotta agree I am embarrassing myself.;english;happiness; I gotta agree, I am embarrassing myself.;sadness
f_gio209aen;Thirty-one until my next birthday.;english;happiness; 31 until my next birth.;sadness
f_gio210aen;Beautiful.;english;happiness; Beautiful.;happiness
f_gio211aen;I love London.;english;happiness; I love London.;happiness
f_gio212aen;What's it mean?;english;happiness; What's it mean?;anger
f_gio214aen;... wait until he got around to it.;english;happiness; wait until he got around to it.;sadness
f_gio999ben;I seem to be in some strange sort of mood.;english;happiness; I seem to be in some strange sort of mood.;fear
f_rab003aen;Where are you?;english;anger; WHERE ARE YOU?!;anger
f_rab007aen;My two little daughters singing stupid fucking songs from those stupid fucking commercials.;english;anger; My two little daughters sing those stupid fucking songs from those stupid fucking commercials!;anger
f_rab008aen;No such obligation!;english;anger; No such obligation.;sadness
f_rab009aen;Everywhere I am attended by doctors who inform me of my own interests!;english;anger; Everywhere I am attended by doctors who inform me of my own interests;fear
f_rab010aen;I'm dying in this town.;english;anger; I'm dying in this town!;sadness
f_rab012aen;The entire British press got up this morning and thought: 'I know where Anna Scott is'.;english;anger; The entire British press got up this morning and thought, I know where Anna Scott is.;anger
f_rab012ben;She's in that house with the blue door in Notting Hill.;english;anger; She's in that house with a blue door and knotting hill.;disgust
f_rab012cen;In your goddamn underwear.;english;anger; in your goddamn underwear!;anger
f_rab013aen;I come to you to protect myself against more crappy gossip and now I've just landed in it all over again.;english;anger; I come to you to protect myself against more crappy gossip and now I've just landed it all over again.;anger
f_rab013ben;For God's sake, I've got a boyfriend.;english;anger; For God's sake, I've got a boyfriend!;anger
f_rab014aen;And now tomorrow there'll be pictures of you in every newspapers from here to Timbuktu.;english;anger; And now, tomorrow, there'll be pictures of you in every newspaper from here to Timbuktu!;happiness
f_rab015aen;All right, this is the perfect situation for you, isn't it?;english;anger; Alright, this is the perfect situation for you, isn't it?;happiness
f_rab015ben;Minimum input, maximum publicity.;english;anger; Minimum input, maximum publicity.;anger
f_rab015cen;Everywhere you go people will say: 'Oh well done, you've slept with that actress'.;english;anger; Everywhere you go people say, oh, well done you, you slept with that actress.;disgust
f_rab015den;We saw the picture.;english;anger; We saw the pictures.;happiness
f_rab027aen;What is your obsession with this money?;english;anger; What is your obsession with this money?;anger
f_rab029aen;You're afraid that I won't love you back.;english;anger; You're afraid that I won't love you back.;fear
f_rab037aen;You realize this is probably the most valuable thing we own.;english;anger; You realize that's probably the most valuable thing we own?;happiness
f_rab042aen;I want to know when the hell you're coming home, now!;english;anger; I wanna know when the hell you're coming home! No!;anger
f_rab064aen;You leave her alone!;english;anger; You leave her alone.;anger
f_rab068aen;Change on the inside!;english;anger; Change on the inside.;disgust
f_rab068ben;Take chances, make mistakes.;english;anger; Take chances, make mistakes.;fear
f_rab069aen;Yes! Sometimes it's important not to be perfect, okay? It's important to do the wrong thing.;english;anger; Yes! Sometimes it's important not to be perfect, okay? It's important to do the wrong thing!;anger
f_rab070aen;No, to make them.;english;anger; No, to make them!;anger
f_rab070ben;To find out what's real and what's not. To find out what you feel.;english;anger; to find out what's real and what's not to find out what you feel.;sadness
f_rab082aen;No boxing out of the house. All right?;english;anger; No boxing out of the house, all right?;anger
f_rab082ben;No boxing. Period!;english;anger; No boxing, period!;anger
f_rab083aen;You're gonna stay in school.;english;anger; You're gonna stay in school!;happiness
f_rab083ben;And then you're gonna go to college and you're gonna have professions.;english;anger; And then you're gonna go to college and you're gonna have professions.;disgust
f_rab083cen;Because you're not gonna have your skulls smashed in too!;english;anger; because you're not gonna have your skull smashed in too!;anger
f_rab084aen;Do you understand me?;english;anger; Do you understand me?;anger
f_rab084ben;Is that clear?;english;anger; Is that clear?;anger
f_rab087aen;But you find a way out of that fight. Break your hand again if you have to.;english;anger; But you find a way out of that fight. Break your hand again if you have to.;anger
f_rab089cen;Well I got scared and I didn't say anything. And ten seconds later I had a gun in my face.;english;anger; Well, I got scared and I didn't say anything and 10 seconds later I had a gun in my face!;fear
f_rab090ben;And this time it'd be really fucking great if you acted like you actually gave a shit.;english;anger; And this time it'd be really fucking great if you acted like you actually gave a shit.;disgust
f_rab092aen;Do you have any idea how that felt?;english;anger; Do you have any idea how that felt?;disgust
f_rab092ben;To have that pig's hands all over me.;english;anger; to have that pig's hands all over me.;disgust
f_rab098aen;It doesn't make sense that you are sitting here doing this all day long.;english;anger; It doesn't make sense that you're sitting here doing this all day long.;disgust
f_rab099aen;The case is over.;english;anger; The case is over.;sadness
f_rab102aen;Bullshit John, it is splashed all over you. It's gonna follow you around forever.;english;anger; Bullshit, John, it's splashed all over you. It's gonna follow you around forever.;disgust
f_rab104aen;But that seems hard for you.;english;anger; But that seems hard for you.;sadness
f_tri002aen;I could have stopped him.;english;sadness; I could have stopped it.;sadness
f_tri004aen;I was aware that he would sometimes ...;english;sadness; I was aware that he would sometimes...;disgust
f_tri004ben;Wake up.;english;sadness; Wake up.;sadness
f_tri005aen;Crawl out of bed.;english;sadness; Crawl out of bed.;disgust
f_tri005ben;And walk about.;english;sadness; I'm Wookaboo.;happiness
f_tri006aen;He could open the baby gate.;english;sadness; He could open the baby gate.;disgust
f_tri009aen;Will this just go on and on?;english;sadness; Will it just go? No, no.;anger
f_tri032cen;Those things.;english;sadness; those things.;disgust
f_tri039aen;Briony, there isn't much time.;english;sadness; There isn't much time.;sadness
f_tri039ben;Robbie has to report for duty at six.;english;sadness; My best report for duty at six.;happiness
f_tri039cen;And he's got a train to catch.;english;sadness; He's got a train to catch.;sadness
f_tri040aen;I'm very, very sorry.;english;sadness; I'm very, very sorry.;sadness
f_tri040ben;For the terrible distress that I've caused.;english;sadness; Is it terrible distress that I've caused?;fear
f_tri040cen;I'm very, very sorry.;english;sadness; I'm very, very sorry.;sadness
f_tri046aen;He said that if you said that ...;english;sadness; He said that if he said that.;anger
f_tri046ben;He has commitment papers for me to sign.;english;sadness; He has commitment papers for me to sign.;happiness
f_tri047aen;Would you have hurt me, John?;english;sadness; But you've hurt me, John.;sadness
f_tri049aen;But my, my girls, I just ...;english;sadness; But my girls, I just...;disgust
f_tri055aen;It's great here, it's really great. [non-verbal];english;sadness; It's great here, it's really great.;happiness
f_tri055ben;I don't know, I went to this shrine today.;english;sadness; I don't know why I went to this shrine today.;disgust
f_tri056aen;There were these monks and they were chanting.;english;sadness; There were these monks and they were chanting.;disgust
f_tri056ben;And ... I didn't feel anything.;english;sadness; and I didn't feel anything.;sadness
f_tri057aen;Nothing, it's okay. I'll call you later, okay?;english;sadness; Nothing, it's okay. I'll call you later, okay?;anger
f_tri071aen;Do I make her proud?;english;sadness; Do I make her proud?;disgust
f_tri081aen;Jim, you didn't see.;english;sadness; gem you didn't see.;disgust
f_tri081ben;You weren't here.;english;sadness; You weren't here.;sadness
f_tri091ben;You would take me there with you.;english;sadness; you would take me now with you.;happiness
f_tri094aen;I only wish I were part of it.;english;sadness; I only wish I were part of it.;sadness
f_tri095ben;Then we must end this.;english;sadness; Then we must end this.;anger
f_tri096aen;Without that family, you could never have written anything like this.;english;sadness; Without that family you could never have written anything like this.;anger
f_tri096ben;You need them.;english;sadness; You need them.;anger
m_ans001aen;It just bled like hell.;english;fear; It just, it just played like hella.;disgust
m_ans002aen;This guy tried to mug me and I swung on him and he sliced me.;english;fear; This guy tried to mug me and swung on him and sliced me.;disgust
m_ans003aen;So I'm walking to my car.;english;fear; So I'm walking to my car.;fear
m_ans003ben;I say I don't smoke. He says neither does he.;english;fear; He said, I don't smoke. He says, neither do they.;disgust
m_ans003cen;My heart starts clocking a buck fifty because there is no one around but me and him.;english;fear; My heart starts clocking a buck fifty because there's no one around but me and him.;sadness
m_ans007aen;The mugger! I see how your mind's working.;english;fear; Yeah, the market, I see how your minds work.;happiness
m_ans007ben;I come home with blood on me the same night Katie's murdered.;english;fear; I think I'm home with blood on me the same night Katie's murdered.;fear
m_ans007cen;I must have killed her, right?;english;fear; I must've killed her, right?;anger
m_ans008aen;I can't trust my mind anymore, Celeste. I'm warning you.;english;fear; I can't trust my mind anymore, Celeste. I'm warning you.;fear
m_ans013aen;I don't know.;english;fear; I don't know.;disgust
m_ans014aen;My name is Very Fucking Confused. What's your name?;english;fear; My name is very fucking confused! What's your name?;disgust
m_ans014ben;What's going on here?;english;fear; What's going on here?;anger
m_ans015ben;I went to bed in my shithole apartment and woke up in an actual shithole.;english;fear; I went to bed in my shithole apartment and woke up in an actual shithole.;disgust
m_ans016aen;This is what they do man. They kidnap you and drug you.;english;fear; This is what they do, man. They kidnap you and drug you.;anger
m_ans016ben;Before you know it, you're lying in a bathtub and your kidneys are on eBay.;english;fear; you know what you're lying in a bathtub and your kidneys are on ebay.;disgust
m_ans017aen;I'm not gonna risk breaking it. You throw me your tape!;english;fear; I'm not gonna risk breaking it. You throw me your tape.;fear
m_ans018aen;Probably a joke, right?;english;fear; Probably a joke, right?;happiness
m_ans020aen;Who is that?!;english;fear; Who is that?;anger
m_ans020ben;Who's in there?!;english;fear; Who's in there?;anger
m_ans020cen;Come out!;english;fear; Come out!;happiness
m_ans020den;I'll kill you, you motherfucker!;english;fear; I'll kill you, you motherfucker!;anger
m_ans021aen;Who is this?;english;fear; Who is this?;anger
m_ans022aen;Yeah baby, it's me. I'm here.;english;fear; Yeah, baby, it's me.;disgust
m_ans030aen;With all due respect, this is preposterous! It doesn't make any sense!;english;fear; without due respect, this is preposterous. It doesn't make any sense.;disgust
m_ans101aen;What is that smell?;english;fear; What is that smell?;disgust
m_ans103aen;I need you!;english;fear; I need you!;anger
m_ans103cen;Lawrence, get up!;english;fear; Lawrence! Get up!;happiness
m_ans104aen;Thank God! I thought you were dead!;english;fear; Thank God! I thought you were dead!;disgust
m_ans105aen;I told you. The same thing happened to me, see?;english;fear; I told you, same thing happened to me, see?;anger
m_ans105ben;I wasn't lying, see?;english;fear; I wasn't lying, see?;anger
m_ans107aen;Help! Someone help me!;english;fear; Help! Someone help me!;fear
m_ans123aen;Probably dead.;english;fear; Probably dead.;sadness
m_ans124aen;Who's that?;english;fear; Who's that?;anger
m_ans124ben;Who's that?;english;fear; Who's that?;anger
m_ans150aen;Lawrence, get up!;english;fear; LARTS GET UP!;happiness
m_dis001aen;You know it's like saying: 'It's not a riot, it's rage. It's not crime, it's poverty.';english;disgust; You know, it's like saying, it's not a riot, it's rage. It's not crime, it's poverty.;anger
m_dis002aen;Look at this sorry, miserable, squashed thing.;english;disgust; Look at this sorry, miserable squash thing.;sadness
m_dis002ben;Can anybody tell me what's wrong with this picture?;english;disgust; Can anybody tell me what's wrong with this picture?;disgust
m_dis003aen;Well, [non-verbal], let's see.;english;disgust; Well, let's see.;disgust
m_dis003ben;On my sixth birthday, my best friend at the time, Scott Tibbs, stabbed me with a rusty nail.;english;disgust; On my sixth birthday, my best friend at the time, Scott Tibbs, stabbed me with a rusty nail.;anger
m_dis004aen;What I saw was you get into your car. That's it.;english;disgust; What I saw was you getting to your car, that's it.;disgust
m_dis004cen;I don't know how I got here, I don't know how you got here.;english;disgust; I don't know how I got here, I don't know how you got here.;disgust
m_dis005aen;Really? Obviously this cop thinks you are the one behind it all.;english;disgust; Really? Obviously, this cop thinks you're the one behind it all.;disgust
m_dis008ben;I keep regular office hours if there's any further information you might need on sayings, common phrases ...;english;disgust; I keep regular office hours if there's any further information you might need on sayings, common phrases.;sadness
m_dis008cen;My door's wide open.;english;disgust; My door's wide open.;fear
m_dis011aen;Well, I'll make a note of it. Anything else I can do for you?;english;disgust; Well, I'll make a note of it. Anything else I can do for you?;disgust
m_dis013aen;You include me out. I've had enough of the convocations.;english;disgust; You include me out, I've had enough of the convocations.;disgust
m_dis014aen;And it seems you do too.;english;disgust; And it seems you do too.;sadness
m_dis015aen;Mother, I'm a very busy man.;english;disgust; Mother, I'm a very busy man.;sadness
m_dis015ben;I do not have time to help ... it pursue some ridiculous lawsuit.;english;disgust; I do not have time to help it pursue some ridiculous lawsuit.;anger
m_dis016aen;Well, that's mutation, Mother. The miracle of genetics is I'm not you.;english;disgust; Well, that's mutation, mother. The miracle of genetics is, I'm not you.;disgust
m_dis017aen;So you'd be gone for quite a long time.;english;disgust; So you'd be gone for quite a long time.;disgust
m_dis018ben;I live with you. I know how much you study, or I should say don't study. And you do better than me.;english;disgust; I live with you, I know how much you study, or I should say don't study. And you do better than me.;anger
m_dis020aen;I will save lives that could have otherwise not been saved.;english;disgust; I will save lives that could have otherwise not been saved.;happiness
m_dis021aen;You know, maybe I am. But you ask the average person ...;english;disgust; You know, maybe I am, but you ask the average person.;disgust
m_dis021ben;When death comes knocking at their door ... whether they want a prick on their side.;english;disgust; When death comes knocking at their door, whether they want a prick on their side.;fear
m_dis023ben;Is it because your father was a doctor and his father was a doctor, some sort of genetic thing?;english;disgust; is because your father was a doctor and his father was a doctor, some sort of genetic thing.;disgust
m_dis027ben;People are good. Trust people?;english;disgust; People are good. Trust people.;disgust
m_dis031ben;Maybe you got a bunch of fat and happy fighters at home ... can afford to rest a month between bouts. I don't know. Lucky you! ;english;disgust; Maybe you got a bunch of fat and happy fighters at home can afford the rest of month between bouts. I don't know. Lucky yeah!;happiness
m_dis035aen;Saddam. His, his name's Saddam? Well that's, that's real good Bruce.;english;disgust; Saddam. His name's Saddam. Oh, that's real good, Bruce.;happiness
m_dis044aen;I misplaced an important complaint. That's their story.;english;disgust; I misplaced an important complaint. That's their story.;anger
m_dis044ben;Wanna hear mine?;english;disgust; Wanna hear mine?;sadness
m_gio001aen;He's an idiot.;english;happiness; He's an idiot.;anger
m_gio001ben;He's always been an idiot.;english;happiness; He's always been an idiot.;anger
m_gio002aen;Great. Thanks.;english;happiness; Great, thanks.;happiness
m_gio002ben;Wish me luck.;english;happiness; Wish me luck.;sadness
m_gio003aen;On for a video fest tonight?;english;happiness; On for a video fest tonight?;happiness
m_gio003ben;I got some absolute classics.;english;happiness; I got some absolute classics.;happiness
m_gio005aen;Come on, one dance!;english;happiness; Come on, one dance.;anger
m_gio010aen;You told me every other fucking thing.;english;happiness; You told me every other fucking thing.;anger
m_gio014aen;Everybody has their own idea of what they think paradise is. [non-verbal];english;happiness; Everybody has their own idea what they think paradise is.;anger
m_gio018aen;Relax, it's okay. There is no point in being nuts if you can't have a little fun.;english;happiness; Relax, it's okay. There's no point in being nuts if you can't have a little fun.;happiness
m_gio022aen;Gee, I love you guys.;english;happiness; Gee, I love you guys.;happiness
m_gio023aen;For the first time in eighteen years I'm going to be able to call the shots in my own life. Oh my God!;english;happiness; For the first time in 18 years I'm going to be able to call the shots in my own life. Oh my god!;happiness
m_gio034aen;Well, as often as they can.;english;happiness; Well, as often as they can.;happiness
m_gio041aen;Jesus H. Christ!;english;happiness; Jesus, say it's Christ.;disgust
m_gio041ben;Jesus, Mary and Joseph!;english;happiness; Jesus, Mary and Joseph!;anger
m_gio046aen;You know, I might as well get an Ahooga horn and chase him around the ring.;english;happiness; You know, I might as well get in the Oglehorn and chase him around the ring.;anger
m_gio049aen;You think because of that, the audience won't recognize him as being a black man?;english;happiness; You think because of that, the audience won't recognize him as being a black man?;disgust
m_gio058aen;Mr. Wheeler, you are magnificent.;english;happiness; Mr. Wheeler, you are magnificent.;happiness
m_gio062aen;I get your logic. Demi-capu coming right up.;english;happiness; Gecologic, Demi Capu coming right up.;happiness
m_gio100aen;That's some of the best shit I've ever heard come out of your mouth.;english;happiness; That's one of the best shit I've ever heard come out of your mouth.;disgust
m_gio101aen;Give the guy a break.;english;happiness; Give the guy a break.;disgust
m_gio102aen;I don't know. The girls like it.;english;happiness; I don't know, the girls like it.;disgust
m_gio103aen;Is that any way to talk to a guest? A friend of the family?;english;happiness; Is that any way to talk to a guest, a friend of the family?;disgust
m_gio105aen;Fucking A. Back from the dead.;english;happiness; fucking A back from the dead.;anger
m_gio106aen;Fifty fucking pounds, man.;english;happiness; 50 fucking pounds, man.;anger
m_gio107aen;I'm telling you, man, this kid is awesome as hell.;english;happiness; I'm telling you, man, this kid is awesome as hell.;happiness
m_gio108aen;I lost count, man.;english;happiness; I lost count, man.;sadness
m_gio108ben;Doesn't matter, man.;english;happiness; Then matter, man.;disgust
m_gio111aen;Make that second most beautiful invention!;english;happiness; Make that second most beautiful invention.;happiness
m_gio129aen;I'd feel a bit of a fool handing it over myself.;english;happiness; I feel a bit of a fool handing that over myself.;sadness
m_gio130aen;[non-verbal] I just use it for clean-up.;english;happiness; I didn't, I just used it for the, for cleanup.;disgust
m_gio135aen;[non-verbal] I gotta go see about a girl.;english;happiness; I gotta go see about it, girl.;disgust
m_gio140aen;Everybody has their own idea of what they think paradise is. [non-verbal];english;happiness; everybody has their own idea what they think paradise is.;anger
m_gio140ben;The wife thinks it's paradise.;english;happiness; Life thinks it's paradise.;happiness
m_gio144aen;So I shared that with you.;english;happiness; Sorry I shared that with you.;sadness
m_gio144ben;And one night it was so loud it woke the dog up.;english;happiness; One night it was so loud it woke the dog up.;disgust
m_gio145aen;Well, like I say, they make me ask. You understand.;english;happiness; Well, like I said, they make me ask. You understand.;anger
m_rab002aen;A walk!;english;anger; I walk.;fear
m_rab002ben;Is that all? Just a walk.;english;anger; Is that all? Just a walk?;disgust
m_rab005den;You've tried to kill yourself twice.;english;anger; You've tried to kill yourself twice!;anger
m_rab006aen;It was done for you!;english;anger; It was done for you!;anger
m_rab006ben;It was done for your betterment!;english;anger; It was done for your betterment!;anger
m_rab006cen;It was done out of love!;english;anger; It was done out of love!;anger
m_rab010ben;And it fucking pisses me off!;english;anger; And he fucking pisses me off!;anger
m_rab021aen;Shut the fuck up!;english;anger; THE FUCK UP!;anger
m_rab021ben;This is my daughter I'm talking about!;english;anger; This is my daughter I'm talking about!;anger
m_rab021cen;Everybody shut up!;english;anger; Everybody shut up!;anger
m_rab021den;Shut up!;english;anger; SHUT UP!;anger
m_rab022aen;Why the hell did you think I was there?;english;anger; Why the hell did you think I was there?;anger
m_rab027aen;Tell me, I'm asking: 'What is there to understand?';english;anger; Tell me, I'm asking, what is that to understand?;fear
m_rab050aen;Why do you think he does that, Gerry? Do you have any fucking clue why?;english;anger; Why do you think he does that, Jerry? Do you have any fucking clue why?;anger
m_rab055aen;It's not about you, you mathematical dick!;english;anger; It's not about you, you mathematical dick!;anger
m_rab055den;He is a good kid!;english;anger; He's a good kid!;happiness
m_rab064aen;Did you hear me? Shut up!;english;anger; Did you hear me? Shut up!;anger
m_rab067aen;Now you either tell me what is really going on or I'll cut you with this, you hear me? I'll cut ...;english;anger; Now you either tell me what is really going on or I'll cut you with this, you hear me? I'll cut-;anger
m_rab070aen;Well then don't keep me in the dark about what you're thinking!;english;anger; Well then don't keep me in the dark about what you're thinking!;anger
m_rab072aen;Does that mean you saw what happened to me?;english;anger; Does that mean you saw what happened to me?;anger
m_rab084aen;You goddamn well should!;english;anger; In god damn motion!;anger
m_rab085aen;Yes!;english;anger; Yes!;anger
m_rab087aen;I don't care if you love him!;english;anger; I don't care if you love him!;anger
m_rab087ben;I'm telling you!;english;anger; I'm telling you!;anger
m_rab089ben;There's a bus full of dead people!;english;anger; There's a bus full of dead people!;disgust
m_rab090aen;Who? Someone you know?;english;anger; Who? Someone you know?;anger
m_rab092aen;No, you didn't tell me.;english;anger; No, you didn't tell me!;anger
m_rab095aen;I don't like you!;english;anger; I don't like you.;disgust
m_rab096aen;Because you make my effort a joke!;english;anger; Because you make my effort a joke!;anger
m_rab096ben;I want to be a doctor! This isn't a game to me!;english;anger; I wanna be a doctor! This is a game to me!;sadness
m_rab097aen;This isn't playtime!;english;anger; This isn't playtime!;anger
m_rab097ben;This is serious business!;english;anger; This is serious business!;anger
m_rab102aen;How hard can that be?;english;anger; How hard can that be?;disgust
m_rab115aen;Fights being stopped by referees? He's pathetic!;english;anger; Fights me and stop my reveries? He's pathetic!;anger
m_rab121aen;What does that mean?;english;anger; What does that mean?;anger
m_rab121ben;If she's not guilty, why am I?;english;anger; If she's not guilty, why am I?;anger
m_tri002aen;Makes you feel ...;english;sadness; Thanks for being here.;happiness
m_tri002ben;... alian.;english;sadness; He'll eat it.;anger
m_tri004ben;You know, after ...;english;sadness; You know, I have to...;disgust
m_tri004een;... then I ever was of being in ...;english;sadness; Never was a been;sadness
m_tri005aen;I loved her.;english;sadness; I loved it.;happiness
m_tri005cen;When we were sitting in that kitchen that night ...;english;sadness; when we were sitting in that kitchen at night.;fear
m_tri005een;I don't want it.;english;sadness; I'm wanted.;sadness
m_tri007cen;She had to go meet Eve and Diane.;english;sadness; We have to go meet Eve and Diane.;happiness
m_tri008aen;We were gonna leave Sunday.;english;sadness; I'm gonna leave Sunday.;sadness
m_tri008ben;We were gonna get married when we got there.;english;sadness; We were going to get married when we got there.;happiness
m_tri009aen;I loved her so much.;english;sadness; I love her so much.;happiness
m_tri009cen;It doesn't happen twice.;english;sadness; It doesn't happen twice.;sadness
m_tri011aen;But now she wants to die.;english;sadness; But now she wants to die.;anger
m_tri011cen;And I swear to God, Father ...;english;sadness; And I swear to God, Father.;disgust
m_tri011den;It's comitting a sin by doing it.;english;sadness; It's committing a sin by doing it.;disgust
m_tri011een;By keeping her alive I'm killing her.;english;sadness; I'm keeping her alive, I'm killing her.;anger
m_tri011fen;Do you know what I mean?;english;sadness; Don't obey.;anger
m_tri011gen;How do I get around that?;english;sadness; How do I get around that?;anger
m_tri012aen;Went to see Maggie this morning.;english;sadness; I went to see Manga this morning.;happiness
m_tri012ben;You must have been somewhere else.;english;sadness; You must have been somewhere else.;sadness
m_tri014aen;But maybe you won't sign them.;english;sadness; Maybe you want something;anger
m_tri014ben;Maybe you'll just give me some time.;english;sadness; Maybe you'll just give me some time.;happiness
m_tri014cen;I will try to figure this out.;english;sadness; I will try to figure this out.;sadness
m_tri015aen;Whatever you do, Rosen is right about one thing.;english;sadness; Whatever you do, Rosen is right about one thing.;anger
m_tri015ben;You shouldn't be here.;english;sadness; You shouldn't be here.;anger
m_tri015cen;I'm not safe anymore.;english;sadness; I'm not safe anymore.;sadness
m_tri020aen;You have a gift.;english;sadness; You have a gift.;happiness
m_tri021aen;You know, they like you.;english;sadness; You know, they like you.;happiness
m_tri021ben;And if you leave, I can't learn this way.;english;sadness; And if you leave, I can't learn this way.;sadness
m_tri025ben;Couldn't help that one.;english;sadness; Couldn't help that one.;sadness
m_tri026aen;And he can't stop thinking about Annie.;english;sadness; And he can't stop thinking about it.;anger
m_tri027aen;Ever since then, things have been different.;english;sadness; Ever since then, things have been different.;disgust
m_tri028aen;He is not the same person that he used to be.;english;sadness; He's not the same person that he used to be.;disgust
m_tri028ben;And his wife ... doesn't like the person that he's become.;english;sadness; And his wife doesn't like the person that he's become.;disgust
m_tri029ben;And then one day Malcom meets this wonderful little boy.;english;sadness; And then one day Malcolm meets this wonderful little boy.;happiness
m_tri030aen;And Malcom decides to try and help this new boy.;english;sadness; And Malcolm decides to try and help this new boy.;anger
m_tri030ben;Cause he feels that ...;english;sadness; Because he feels that.;sadness
m_tri030cen;... it would be like ... helping that other one too.;english;sadness; be like helping that other one too.;happiness
m_tri038aen;You have to understand. When I was growing up, he was gone more than he was there.;english;sadness; You have to understand, when I was growing up, he was gone more than he was there.;disgust
m_tri040aen;Maybe he never wanted a family.;english;sadness; Maybe he never wanted a family.;sadness
m_tri041aen;Whatever it is, he likes his second life ...;english;sadness; Whatever it is he likes his second life.;happiness
m_tri041ben;... better and the reason that he tells his stories is because he can't stand this boring place.;english;sadness; And the reason that he tells these stories is because he can't stand this boring place.;disgust
m_tri042aen;What's true?;english;sadness; What's true?;anger
